id,model,run,group,input_tokens,output_tokens,concurrency,round,request_index,start,end,ttft,decode_tps,end_to_end,cached_tokens,finish_reason,status,external_interference,text_events,max_text_event_gap
flash-next-A-i2048-c1-r1-q1,flash-next,flash-next-AB,A,2048,1024,1,1,1,2026-09-29T22:32:56.538734+00:00,2026-09-29T22:33:11.660749+00:00,1.4803912320639938,75.06439261191736,15.122012303909287,0,length,completed,unknown,206,0.08167787198908627
flash-next-A-i2048-c1-r2-q1,flash-next,flash-next-AB,A,2048,1024,1,2,1,2026-09-29T22:33:11.686048+00:00,2026-09-29T22:33:26.529621+00:00,1.0834505278617144,74.41796500321193,14.843568799784407,0,length,completed,unknown,206,0.08212497597560287
flash-next-A-i2048-c1-r3-q1,flash-next,flash-next-AB,A,2048,1024,1,3,1,2026-09-29T22:33:26.555332+00:00,2026-09-29T22:34:22.007013+00:00,1.0843103360384703,18.834826934276993,55.45168008003384,0,length,completed,unknown,785,0.08636774402111769
flash-next-A-i2048-c2-r1-q1,flash-next,flash-next-AB,A,2048,1024,2,1,1,2026-09-29T22:34:22.036161+00:00,2026-09-29T22:34:40.490511+00:00,1.8606476800050586,61.71016949158062,18.454347040038556,0,length,completed,unknown,206,0.13762502395547926
flash-next-A-i2048-c2-r1-q2,flash-next,flash-next-AB,A,2048,1024,2,1,2,2026-09-29T22:34:22.036650+00:00,2026-09-29T22:34:40.564110+00:00,1.9980316159781069,61.95012644225292,18.52745712012984,0,length,completed,unknown,206,0.0954629119951278
flash-next-A-i2048-c2-r2-q1,flash-next,flash-next-AB,A,2048,1024,2,2,1,2026-09-29T22:34:40.597927+00:00,2026-09-29T22:34:59.065824+00:00,1.8729807040654123,61.70565032781975,18.467895344132558,0,length,completed,unknown,206,0.13656104006804526
flash-next-A-i2048-c2-r2-q2,flash-next,flash-next-AB,A,2048,1024,2,2,2,2026-09-29T22:34:40.598404+00:00,2026-09-29T22:34:59.137400+00:00,2.008902080124244,61.94763274115265,18.538992976071313,0,length,completed,unknown,206,0.09554715198464692
flash-next-A-i2048-c2-r3-q1,flash-next,flash-next-AB,A,2048,1024,2,3,1,2026-09-29T22:34:59.171030+00:00,2026-09-29T22:35:17.609446+00:00,1.8713947681244463,61.80955575444679,18.438412399962544,0,length,completed,unknown,206,0.13676547189243138
flash-next-A-i2048-c2-r3-q2,flash-next,flash-next-AB,A,2048,1024,2,3,2,2026-09-29T22:34:59.171494+00:00,2026-09-29T22:35:17.682710+00:00,2.007959184003994,62.048370693285925,18.511212832061574,0,length,completed,unknown,206,0.0959212000016123
flash-next-A-i2048-c4-r1-q1,flash-next,flash-next-AB,A,2048,1024,4,1,1,2026-09-29T22:35:17.717636+00:00,2026-09-29T22:35:45.501100+00:00,3.343073920113966,41.89786571811404,27.783459664089605,0,length,completed,unknown,206,0.4213161279913038
flash-next-A-i2048-c4-r1-q2,flash-next,flash-next-AB,A,2048,1024,4,1,2,2026-09-29T22:35:17.718092+00:00,2026-09-29T22:35:45.612905+00:00,3.763822512002662,42.43506555603181,27.894809151999652,0,length,completed,unknown,206,0.15215148800052702
flash-next-A-i2048-c4-r1-q3,flash-next,flash-next-AB,A,2048,1024,4,1,3,2026-09-29T22:35:17.718455+00:00,2026-09-29T22:35:45.613127+00:00,3.7631912799552083,42.43419764762819,27.89467147202231,0,length,completed,unknown,206,0.15219319984316826
flash-next-A-i2048-c4-r1-q4,flash-next,flash-next-AB,A,2048,1024,4,1,4,2026-09-29T22:35:17.721013+00:00,2026-09-29T22:36:18.609004+00:00,3.9132023041602224,17.972862228862795,60.88798945606686,0,length,completed,unknown,677,0.12804492795839906
flash-next-A-i2048-c4-r2-q1,flash-next,flash-next-AB,A,2048,1024,4,2,1,2026-09-29T22:36:18.657727+00:00,2026-09-29T22:36:46.998647+00:00,3.2642256158869714,40.83473216089478,28.340917584020644,0,length,completed,unknown,206,0.3530108639970422
flash-next-A-i2048-c4-r2-q2,flash-next,flash-next-AB,A,2048,1024,4,2,2,2026-09-29T22:36:18.658187+00:00,2026-09-29T22:37:35.244359+00:00,3.6169220320880413,14.033308751255124,76.58617099188268,0,length,completed,unknown,852,0.15843782387673855
flash-next-A-i2048-c4-r2-q3,flash-next,flash-next-AB,A,2048,1024,4,2,3,2026-09-29T22:36:18.658542+00:00,2026-09-29T22:36:47.109341+00:00,3.6162123039830476,41.23282412540067,28.450795472133905,0,length,completed,unknown,206,0.1584111680276692
flash-next-A-i2048-c4-r2-q4,flash-next,flash-next-AB,A,2048,1024,4,2,4,2026-09-29T22:36:18.658856+00:00,2026-09-29T22:36:47.199251+00:00,3.7748167521785945,41.347714301829875,28.540393696166575,0,length,completed,unknown,206,0.13176783989183605
flash-next-A-i2048-c4-r3-q1,flash-next,flash-next-AB,A,2048,1024,4,3,1,2026-09-29T22:37:35.289490+00:00,2026-09-29T22:38:03.247026+00:00,3.304093839833513,41.535788721282394,27.957532031927258,0,length,completed,unknown,206,0.3986119201872498
flash-next-A-i2048-c4-r3-q2,flash-next,flash-next-AB,A,2048,1024,4,3,2,2026-09-29T22:37:35.289953+00:00,2026-09-29T22:38:03.357635+00:00,3.702418975997716,42.027050733576125,28.06767854397185,0,length,completed,unknown,206,0.1652871361002326
flash-next-A-i2048-c4-r3-q3,flash-next,flash-next-AB,A,2048,1024,4,3,3,2026-09-29T22:37:35.290301+00:00,2026-09-29T22:38:48.708084+00:00,3.7017018240876496,14.688146598187815,73.41778160003014,0,length,completed,unknown,761,0.16512206406332552
flash-next-A-i2048-c4-r3-q4,flash-next,flash-next-AB,A,2048,1024,4,3,4,2026-09-29T22:37:35.290617+00:00,2026-09-29T22:38:43.668794+00:00,3.866827519843355,15.87317689597452,68.37817308795638,0,length,completed,unknown,689,0.14217747212387621
flash-next-A-i8192-c1-r1-q1,flash-next,flash-next-AB,A,8192,1024,1,1,1,2026-09-29T22:38:48.753559+00:00,2026-09-29T22:39:06.796329+00:00,3.463735376019031,70.23786087877606,18.042767071863636,0,length,completed,unknown,206,0.07999723218381405
flash-next-A-i8192-c1-r2-q1,flash-next,flash-next-AB,A,8192,1024,1,2,1,2026-09-29T22:39:06.827990+00:00,2026-09-29T22:39:24.114875+00:00,3.4896133600268513,74.2175963885617,17.286880447994918,0,length,completed,unknown,206,0.07946582394652069
flash-next-A-i8192-c1-r3-q1,flash-next,flash-next-AB,A,8192,1024,1,3,1,2026-09-29T22:39:24.137411+00:00,2026-09-29T22:39:41.372468+00:00,3.4562112959101796,74.31682879166696,17.235055423807353,0,length,completed,unknown,206,0.0776677920948714
flash-next-A-i8192-c2-r1-q1,flash-next,flash-next-AB,A,8192,1024,2,1,1,2026-09-29T22:39:41.408345+00:00,2026-09-29T22:40:04.742195+00:00,5.56116129597649,57.61649861134645,23.333848367910832,0,length,completed,unknown,206,0.9562726879958063
flash-next-A-i8192-c2-r1-q2,flash-next,flash-next-AB,A,8192,1024,2,1,2,2026-09-29T22:39:41.408985+00:00,2026-09-29T22:40:04.942465+00:00,6.801493376027793,61.200159708273866,23.533475855831057,0,length,completed,unknown,206,0.09379918384365737
flash-next-A-i8192-c2-r2-q1,flash-next,flash-next-AB,A,8192,1024,2,2,1,2026-09-29T22:40:04.976898+00:00,2026-09-29T22:41:17.896072+00:00,5.578725711908191,15.206314645110352,72.91917103994638,0,length,completed,unknown,814,0.8955801280681044
flash-next-A-i8192-c2-r2-q2,flash-next,flash-next-AB,A,8192,1024,2,2,2,2026-09-29T22:40:04.977488+00:00,2026-09-29T22:41:19.910284+00:00,6.813708944013342,15.032497706875729,74.93279467197135,0,length,completed,unknown,840,0.1057510559912771
flash-next-A-i8192-c2-r3-q1,flash-next,flash-next-AB,A,8192,1024,2,3,1,2026-09-29T22:41:19.933993+00:00,2026-09-29T22:41:43.234514+00:00,5.560988639947027,57.724196234705595,23.300516719929874,0,length,completed,unknown,206,0.8919689119793475
flash-next-A-i8192-c2-r3-q2,flash-next,flash-next-AB,A,8192,1024,2,3,2,2026-09-29T22:41:19.934346+00:00,2026-09-29T22:41:43.437261+00:00,6.795970816165209,61.29188563803107,23.502913168165833,0,length,completed,unknown,206,0.09213756793178618
flash-next-A-i8192-c4-r1-q1,flash-next,flash-next-AB,A,8192,1024,4,1,1,2026-09-29T22:41:43.471194+00:00,2026-09-29T22:42:21.212040+00:00,5.57471190392971,31.83472581870332,37.740844127954915,0,length,completed,unknown,206,1.2944564160425216
flash-next-A-i8192-c4-r1-q2,flash-next,flash-next-AB,A,8192,1024,4,1,2,2026-09-29T22:41:43.471802+00:00,2026-09-29T22:42:21.560771+00:00,8.919567072065547,35.105282544308295,38.08896625600755,0,length,completed,unknown,206,1.2438391521573067
flash-next-A-i8192-c4-r1-q3,flash-next,flash-next-AB,A,8192,1024,4,1,3,2026-09-29T22:41:43.472306+00:00,2026-09-29T22:42:21.851162+00:00,12.291255536023527,39.25236884004109,38.378853055881336,0,length,completed,unknown,206,0.9071503838058561
flash-next-A-i8192-c4-r1-q4,flash-next,flash-next-AB,A,8192,1024,4,1,4,2026-09-29T22:41:43.475010+00:00,2026-09-29T22:42:32.460102+00:00,13.569749103859067,28.914022903182943,48.98509076796472,0,length,completed,unknown,342,0.13204057584516704
flash-next-A-i8192-c4-r2-q1,flash-next,flash-next-AB,A,8192,1024,4,2,1,2026-09-29T22:42:32.500869+00:00,2026-09-29T22:43:55.539305+00:00,5.580449311994016,13.220069940690365,83.03843588801101,0,length,completed,unknown,763,1.2478835200890899
flash-next-A-i8192-c4-r2-q2,flash-next,flash-next-AB,A,8192,1024,4,2,2,2026-09-29T22:42:32.501458+00:00,2026-09-29T22:43:53.535895+00:00,8.917535744141787,14.199168559453115,81.0344344000332,0,length,completed,unknown,732,1.247747503919527
flash-next-A-i8192-c4-r2-q3,flash-next,flash-next-AB,A,8192,1024,4,2,3,2026-09-29T22:42:32.501913+00:00,2026-09-29T22:43:10.729886+00:00,12.326627007918432,39.534626788747204,38.22797180805355,0,length,completed,unknown,206,0.9283982401248068
flash-next-A-i8192-c4-r2-q4,flash-next,flash-next-AB,A,8192,1024,4,2,4,2026-09-29T22:42:32.502356+00:00,2026-09-29T22:43:11.045910+00:00,13.655211823992431,41.143764430412695,38.543551872018725,0,length,completed,unknown,206,0.1399928480386734
flash-next-A-i8192-c4-r3-q1,flash-next,flash-next-AB,A,8192,1024,4,3,1,2026-09-29T22:43:55.574457+00:00,2026-09-29T22:44:33.079476+00:00,5.569951760116965,32.065068971081935,37.505014832131565,0,length,completed,unknown,206,1.2424209278542548
flash-next-A-i8192-c4-r3-q2,flash-next,flash-next-AB,A,8192,1024,4,3,2,2026-09-29T22:43:55.574801+00:00,2026-09-29T22:44:33.393191+00:00,8.919898752123117,35.43437862292736,37.81838772795163,0,length,completed,unknown,206,1.2426033921074122
flash-next-A-i8192-c4-r3-q3,flash-next,flash-next-AB,A,8192,1024,4,3,3,2026-09-29T22:43:55.575037+00:00,2026-09-29T22:45:05.043265+00:00,12.302651423960924,17.912878949933912,69.46822502394207,0,length,completed,unknown,584,0.9167341440916061
flash-next-A-i8192-c4-r3-q4,flash-next,flash-next-AB,A,8192,1024,4,3,4,2026-09-29T22:43:55.575253+00:00,2026-09-29T22:45:09.747587+00:00,13.617518560029566,16.91029882897664,74.17233254387975,0,length,completed,unknown,648,0.14568884810432792
flash-next-A-i32768-c1-r1-q1,flash-next,flash-next-AB,A,32768,1024,1,1,1,2026-09-29T22:45:09.792810+00:00,2026-09-29T22:45:37.058688+00:00,13.296977936057374,73.30570791026905,27.265876527875662,0,length,completed,unknown,206,0.07284607994370162
flash-next-A-i32768-c1-r2-q1,flash-next,flash-next-AB,A,32768,1024,1,2,1,2026-09-29T22:45:37.079845+00:00,2026-09-29T22:46:04.386418+00:00,13.310416928026825,73.16296550372311,27.306569119915366,0,length,completed,unknown,206,0.07356368005275726
flash-next-A-i32768-c1-r3-q1,flash-next,flash-next-AB,A,32768,1024,1,3,1,2026-09-29T22:46:04.407497+00:00,2026-09-29T22:46:31.597336+00:00,13.305834800004959,73.75395400021137,27.189836191944778,0,length,completed,unknown,206,0.07432831986807287
flash-next-A-i32768-c2-r1-q1,flash-next,flash-next-AB,A,32768,1024,2,1,1,2026-09-29T22:46:31.627366+00:00,2026-09-29T22:47:14.546461+00:00,15.484132400015369,37.324639171363295,42.91909286403097,0,length,completed,unknown,206,1.2761606078129262
flash-next-A-i32768-c2-r1-q2,flash-next,flash-next-AB,A,32768,1024,2,1,2,2026-09-29T22:46:31.628508+00:00,2026-09-29T22:47:15.280444+00:00,26.962832464138046,61.35741004062815,43.65193324792199,0,length,completed,unknown,206,0.09136769594624639
flash-next-A-i32768-c2-r2-q1,flash-next,flash-next-AB,A,32768,1024,2,2,1,2026-09-29T22:47:15.314396+00:00,2026-09-29T22:47:58.320475+00:00,15.502052112016827,37.23091474155453,43.0060768481344,0,length,completed,unknown,206,1.282521456014365
flash-next-A-i32768-c2-r2-q2,flash-next,flash-next-AB,A,32768,1024,2,2,2,2026-09-29T22:47:15.315499+00:00,2026-09-29T22:47:59.060186+00:00,26.9946056320332,61.13403742625513,43.74468534393236,0,length,completed,unknown,206,0.0887826879043132
flash-next-A-i32768-c2-r3-q1,flash-next,flash-next-AB,A,32768,1024,2,3,1,2026-09-29T22:47:59.084564+00:00,2026-09-29T22:48:42.042484+00:00,15.493046208051965,37.28399126439894,42.95791692798957,0,length,completed,unknown,206,1.2832925599068403
flash-next-A-i32768-c2-r3-q2,flash-next,flash-next-AB,A,32768,1024,2,3,2,2026-09-29T22:47:59.085169+00:00,2026-09-29T22:48:42.778600+00:00,26.98044252814725,61.26972199250268,43.69342843210325,0,length,completed,unknown,206,0.09042980801314116
flash-next-A-i32768-c4-r1-q1,flash-next,flash-next-AB,A,32768,1024,4,1,1,2026-09-29T22:48:42.814547+00:00,2026-09-29T22:50:29.322737+00:00,15.463519567856565,11.247226348743336,106.50818855990656,0,length,completed,unknown,626,1.3054020958952606
flash-next-A-i32768-c4-r1-q2,flash-next,flash-next-AB,A,32768,1024,4,1,2,2026-09-29T22:48:42.815676+00:00,2026-09-29T22:49:59.962902+00:00,29.24581063981168,21.377239839495612,77.1472239040304,0,length,completed,unknown,206,1.3054045920725912
flash-next-A-i32768-c4-r1-q3,flash-next,flash-next-AB,A,32768,1024,4,1,3,2026-09-29T22:48:42.816689+00:00,2026-09-29T22:50:01.196481+00:00,43.15718468790874,29.07224003478764,78.37978875194676,0,length,completed,unknown,206,1.3053785599768162
flash-next-A-i32768-c4-r1-q4,flash-next,flash-next-AB,A,32768,1024,4,1,4,2026-09-29T22:48:42.819788+00:00,2026-09-29T22:50:02.194365+00:00,54.89325515204109,41.82781130557393,79.37457435182296,0,length,completed,unknown,206,0.12711355206556618
flash-next-A-i32768-c4-r2-q1,flash-next,flash-next-AB,A,32768,1024,4,2,1,2026-09-29T22:50:29.367627+00:00,2026-09-29T22:51:42.470862+00:00,15.419562895782292,17.75199125003149,73.10323260794394,0,length,completed,unknown,206,1.2928370079025626
flash-next-A-i32768-c4-r2-q2,flash-next,flash-next-AB,A,32768,1024,4,2,2,2026-09-29T22:50:29.368640+00:00,2026-09-29T22:51:43.521608+00:00,29.06710600014776,22.712220872339312,74.15296553610824,0,length,completed,unknown,206,1.2927972641773522
flash-next-A-i32768-c4-r2-q3,flash-next,flash-next-AB,A,32768,1024,4,2,3,2026-09-29T22:50:29.369580+00:00,2026-09-29T22:51:44.417569+00:00,42.854702048003674,31.80787804694953,75.04798443196341,0,length,completed,unknown,206,1.2927948641590774
flash-next-A-i32768-c4-r2-q4,flash-next,flash-next-AB,A,32768,1024,4,2,4,2026-09-29T22:50:29.370493+00:00,2026-09-29T22:51:45.157807+00:00,54.51548120006919,48.13878673370943,75.78730937605724,0,length,completed,unknown,206,0.11873561586253345
flash-next-A-i32768-c4-r3-q1,flash-next,flash-next-AB,A,32768,1024,4,3,1,2026-09-29T22:51:45.194302+00:00,2026-09-29T22:52:58.399223+00:00,15.451890911906958,17.730672119937303,73.20491872006096,0,length,completed,unknown,206,1.298610992031172
flash-next-A-i32768-c4-r3-q2,flash-next,flash-next-AB,A,32768,1024,4,3,2,2026-09-29T22:51:45.194921+00:00,2026-09-29T22:52:59.448617+00:00,29.117063359823078,22.68667396543416,74.25369297596626,0,length,completed,unknown,206,1.2985933439340442
flash-next-A-i32768-c4-r3-q3,flash-next,flash-next-AB,A,32768,1024,4,3,3,2026-09-29T22:51:45.195432+00:00,2026-09-29T22:53:00.351869+00:00,42.90006371191703,31.745667851903434,75.15643345587887,0,length,completed,unknown,206,1.298733375966549
flash-next-A-i32768-c4-r3-q4,flash-next,flash-next-AB,A,32768,1024,4,3,4,2026-09-29T22:51:45.195920+00:00,2026-09-29T22:53:01.093170+00:00,54.5530959519092,47.97566983465165,75.8972481759265,0,length,completed,unknown,206,0.1193280320148915
flash-next-A-i64512-c1-r1-q1,flash-next,flash-next-AB,A,64512,1024,1,1,1,2026-09-29T22:53:01.130924+00:00,2026-09-29T22:53:42.548909+00:00,27.374800976132974,72.91794362146254,41.41798361600377,0,length,completed,unknown,206,0.07382892817258835
flash-next-A-i64512-c1-r2-q1,flash-next,flash-next-AB,A,64512,1024,1,2,1,2026-09-29T22:53:42.580537+00:00,2026-09-29T22:54:23.916377+00:00,27.291785215958953,72.91344137467308,41.33583499188535,0,length,completed,unknown,206,0.07372980797663331
flash-next-A-i64512-c1-r3-q1,flash-next,flash-next-AB,A,64512,1024,1,3,1,2026-09-29T22:54:23.950176+00:00,2026-09-29T22:55:05.361201+00:00,27.341128016123548,72.7795039312755,41.41102331201546,0,length,completed,unknown,206,0.07279248000122607
flash-next-A-i64512-c2-r1-q1,flash-next,flash-next-AB,A,64512,1024,2,1,1,2026-09-29T22:55:05.384778+00:00,2026-09-29T22:56:15.981919+00:00,30.803940895944834,25.733041781645387,70.59713785606436,0,length,completed,unknown,206,1.3870837921276689
flash-next-A-i64512-c2-r1-q2,flash-next,flash-next-AB,A,64512,1024,2,1,2,2026-09-29T22:55:05.385732+00:00,2026-09-29T22:56:17.394254+00:00,55.209224288119,60.954938854007075,72.0085192960687,0,length,completed,unknown,206,0.09003198402933776
flash-next-A-i64512-c2-r2-q1,flash-next,flash-next-AB,A,64512,1024,2,2,1,2026-09-29T22:56:17.422155+00:00,2026-09-29T22:57:29.643860+00:00,30.963006895966828,24.819010208616486,72.2217030080501,0,length,completed,unknown,206,1.465745136141777
flash-next-A-i64512-c2-r2-q2,flash-next,flash-next-AB,A,64512,1024,2,2,2,2026-09-29T22:56:17.423126+00:00,2026-09-29T22:57:31.359699+00:00,55.970669232076034,56.99686242772757,73.93657044810243,0,length,completed,unknown,207,0.10370311979204416
flash-next-A-i64512-c2-r3-q1,flash-next,flash-next-AB,A,64512,1024,2,3,1,2026-09-29T22:57:31.401163+00:00,2026-09-29T22:58:42.003287+00:00,30.761745855910704,25.70256870153107,70.60212180786766,0,length,completed,unknown,206,1.384981872048229
flash-next-A-i64512-c2-r3-q2,flash-next,flash-next-AB,A,64512,1024,2,3,2,2026-09-29T22:57:31.402815+00:00,2026-09-29T22:58:43.429817+00:00,55.14922385592945,60.671503555396015,72.02699908800423,0,length,completed,unknown,206,0.09008454391732812
flash-next-A-i64512-c4-r1-q1,flash-next,flash-next-AB,A,64512,1024,4,1,1,2026-09-29T22:58:43.465199+00:00,2026-09-29T23:00:52.555528+00:00,30.808729807846248,10.419041122711402,129.09032673598267,0,length,completed,unknown,206,1.6861291520763189
flash-next-A-i64512-c4-r1-q2,flash-next,flash-next-AB,A,64512,1024,4,1,2,2026-09-29T22:58:43.467139+00:00,2026-09-29T23:00:55.010740+00:00,58.565268624108285,14.031562673801133,131.54359782417305,0,length,completed,unknown,206,1.6862079999409616
flash-next-A-i64512-c4-r1-q3,flash-next,flash-next-AB,A,64512,1024,4,1,3,2026-09-29T22:58:43.468966+00:00,2026-09-29T23:00:56.966857+00:00,86.50756584014744,21.79172130482066,133.49788779206574,0,length,completed,unknown,206,1.4003422558307648
flash-next-A-i64512-c4-r1-q4,flash-next,flash-next-AB,A,64512,1024,4,1,4,2026-09-29T22:58:43.470663+00:00,2026-09-29T23:01:35.759350+00:00,111.26042835181579,16.77911247002975,172.28868606383912,0,length,completed,unknown,675,0.13721008016727865
flash-next-A-i64512-c4-r2-q1,flash-next,flash-next-AB,A,64512,1024,4,2,1,2026-09-29T23:01:35.795254+00:00,2026-09-29T23:03:45.180915+00:00,30.79204572783783,10.386068244624036,129.3856593919918,0,length,completed,unknown,206,1.6985359520185739
flash-next-A-i64512-c4-r2-q2,flash-next,flash-next-AB,A,64512,1024,4,2,2,2026-09-29T23:01:35.796417+00:00,2026-09-29T23:04:35.799070+00:00,58.52379059186205,8.429450137428672,180.00265140784904,0,length,completed,unknown,866,1.6984080160036683
flash-next-A-i64512-c4-r2-q3,flash-next,flash-next-AB,A,64512,1024,4,2,3,2026-09-29T23:01:35.797555+00:00,2026-09-29T23:03:50.089561+00:00,86.76864019199274,21.54729688529236,134.2920026560314,0,length,completed,unknown,206,1.4048693759832531
flash-next-A-i64512-c4-r2-q4,flash-next,flash-next-AB,A,64512,1024,4,2,4,2026-09-29T23:01:35.798670+00:00,2026-09-29T23:03:52.123239+00:00,111.63824910414405,41.480480369211755,136.32455916819163,0,length,completed,unknown,207,0.13561249594204128
flash-next-A-i64512-c4-r3-q1,flash-next,flash-next-AB,A,64512,1024,4,3,1,2026-09-29T23:04:35.848143+00:00,2026-09-29T23:06:43.229481+00:00,30.692950880154967,10.590723981110058,127.38133609597571,0,length,completed,unknown,206,1.6834133281372488
flash-next-A-i64512-c4-r3-q2,flash-next,flash-next-AB,A,64512,1024,4,3,2,2026-09-29T23:04:35.849769+00:00,2026-09-29T23:06:45.372298+00:00,58.390813200036064,14.39582956383221,129.52252502390184,0,length,completed,unknown,207,1.683436383958906
flash-next-A-i64512-c4-r3-q3,flash-next,flash-next-AB,A,64512,1024,4,3,3,2026-09-29T23:04:35.851301+00:00,2026-09-29T23:06:47.030979+00:00,86.33758416003548,22.835688336462415,131.17967452807352,0,length,completed,unknown,206,1.4071918081026524
flash-next-A-i64512-c4-r3-q4,flash-next,flash-next-AB,A,64512,1024,4,3,4,2026-09-29T23:04:35.853044+00:00,2026-09-29T23:06:48.458512+00:00,111.09448473597877,47.60359295692746,132.60546607989818,0,length,completed,unknown,206,0.12299624015577137
flash-next-B-i8192-c1-r1-q1,flash-next,flash-next-AB,B,8192,1024,1,1,1,2026-09-29T23:06:48.507254+00:00,2026-09-29T23:07:05.838476+00:00,3.4718679999932647,73.88512151357226,17.331221263855696,0,length,completed,unknown,206,0.07720648008398712
flash-next-B-i8192-c1-r2-q1,flash-next,flash-next-AB,B,8192,1024,1,2,1,2026-09-29T23:07:05.873475+00:00,2026-09-29T23:07:20.946040+00:00,1.187513215932995,73.7483834576909,15.072563328081742,6048,length,completed,unknown,206,0.07813156815245748
flash-next-B-i8192-c1-r3-q1,flash-next,flash-next-AB,B,8192,1024,1,3,1,2026-09-29T23:07:20.980838+00:00,2026-09-29T23:08:12.653854+00:00,1.1928985121194273,20.285214393305075,51.6730157120619,6048,length,completed,unknown,720,0.08478388795629144
qwen27-A-i2048-c1-r1-q1,qwen27,qwen27-AB,A,2048,1024,1,1,1,2026-09-29T21:54:33.914113+00:00,2026-09-29T21:54:47.792467+00:00,0.7276897600386292,77.86681599426885,13.878349472070113,0,length,completed,unknown,115,0.40807993593625724
qwen27-A-i2048-c1-r2-q1,qwen27,qwen27-AB,A,2048,1024,1,2,1,2026-09-29T21:54:47.826101+00:00,2026-09-29T21:55:01.338221+00:00,0.6900698400568217,79.862449907987,13.512115760007873,0,length,completed,unknown,115,0.11453083204105496
qwen27-A-i2048-c1-r3-q1,qwen27,qwen27-AB,A,2048,1024,1,3,1,2026-09-29T21:55:01.370187+00:00,2026-09-29T21:55:14.897036+00:00,0.6865698401816189,79.74906617409596,13.526845584157854,0,length,completed,unknown,115,0.11419494380243123
qwen27-A-i2048-c2-r1-q1,qwen27,qwen27-AB,A,2048,1024,2,1,1,2026-09-29T21:55:14.929026+00:00,2026-09-29T21:55:30.189202+00:00,0.6895781438797712,70.27853396891638,15.260172351961955,0,length,completed,unknown,115,0.7825954400468618
qwen27-A-i2048-c2-r1-q2,qwen27,qwen27-AB,A,2048,1024,2,1,2,2026-09-29T21:55:14.929314+00:00,2026-09-29T21:55:30.304058+00:00,1.4721794400829822,73.65549102669505,15.374741024104878,0,length,completed,unknown,115,0.123779087793082
qwen27-A-i2048-c2-r2-q1,qwen27,qwen27-AB,A,2048,1024,2,2,1,2026-09-29T21:55:30.341698+00:00,2026-09-29T21:55:45.585099+00:00,0.6875142559874803,70.3495634085964,15.243397055892274,0,length,completed,unknown,115,0.7794243679381907
qwen27-A-i2048-c2-r2-q2,qwen27,qwen27-AB,A,2048,1024,2,2,2,2026-09-29T21:55:30.341988+00:00,2026-09-29T21:55:45.698343+00:00,1.4664865280501544,73.72281735873459,15.356351792113855,0,length,completed,unknown,115,0.12424779194407165
qwen27-A-i2048-c2-r3-q1,qwen27,qwen27-AB,A,2048,1024,2,3,1,2026-09-29T21:55:45.735336+00:00,2026-09-29T21:56:01.016552+00:00,0.6917588638607413,70.18768711708236,15.281212399946526,0,length,completed,unknown,115,0.7839215679559857
qwen27-A-i2048-c2-r3-q2,qwen27,qwen27-AB,A,2048,1024,2,3,2,2026-09-29T21:55:45.735616+00:00,2026-09-29T21:56:01.130470+00:00,1.475701664108783,73.56771701461373,15.394850464072078,0,length,completed,unknown,115,0.12409331183880568
qwen27-A-i2048-c4-r1-q1,qwen27,qwen27-AB,A,2048,1024,4,1,1,2026-09-29T21:56:01.167899+00:00,2026-09-29T21:56:23.378998+00:00,0.6899971039965749,47.58121421690761,22.211095647886395,0,length,completed,unknown,115,1.3599397279322147
qwen27-A-i2048-c4-r1-q2,qwen27,qwen27-AB,A,2048,1024,4,1,2,2026-09-29T21:56:01.168188+00:00,2026-09-29T21:56:23.642937+00:00,2.0494196319486946,50.1338301443807,22.474749136017635,0,length,completed,unknown,116,0.9023329601623118
qwen27-A-i2048-c4-r1-q3,qwen27,qwen27-AB,A,2048,1024,4,1,3,2026-09-29T21:56:01.168360+00:00,2026-09-29T21:56:23.757375+00:00,2.95173710398376,52.14573363103882,22.589009967865422,0,length,completed,unknown,116,0.17495019198395312
qwen27-A-i2048-c4-r1-q4,qwen27,qwen27-AB,A,2048,1024,4,1,4,2026-09-29T21:56:01.169907+00:00,2026-09-29T21:56:23.642726+00:00,2.949879120104015,52.45112017818331,22.472817744128406,0,length,completed,unknown,115,0.17494675191119313
qwen27-A-i2048-c4-r2-q1,qwen27,qwen27-AB,A,2048,1024,4,2,1,2026-09-29T21:56:23.807512+00:00,2026-09-29T21:56:46.166958+00:00,0.6910584801808,47.25778990989018,22.35944377607666,0,length,completed,unknown,115,1.3543791198171675
qwen27-A-i2048-c4-r2-q2,qwen27,qwen27-AB,A,2048,1024,4,2,2,2026-09-29T21:56:23.807791+00:00,2026-09-29T21:56:46.439389+00:00,2.0449490239843726,49.74099227998676,22.63159100804478,0,length,completed,unknown,116,0.9048378081060946
qwen27-A-i2048-c4-r2-q3,qwen27,qwen27-AB,A,2048,1024,4,2,3,2026-09-29T21:56:23.807957+00:00,2026-09-29T21:56:46.561453+00:00,2.949931648094207,51.707871947070544,22.753492719959468,0,length,completed,unknown,116,0.18700380809605122
qwen27-A-i2048-c4-r2-q4,qwen27,qwen27-AB,A,2048,1024,4,2,4,2026-09-29T21:56:23.808096+00:00,2026-09-29T21:56:46.439595+00:00,2.9499238880816847,52.028357887785944,22.631498351925984,0,length,completed,unknown,115,0.18702718405984342
qwen27-A-i2048-c4-r3-q1,qwen27,qwen27-AB,A,2048,1024,4,3,1,2026-09-29T21:56:46.601893+00:00,2026-09-29T21:57:09.013894+00:00,0.7181051839143038,47.20222910777034,22.411995903821662,0,length,completed,unknown,115,1.3898684158921242
qwen27-A-i2048-c4-r3-q2,qwen27,qwen27-AB,A,2048,1024,4,3,2,2026-09-29T21:56:46.602196+00:00,2026-09-29T21:57:09.293027+00:00,2.107465472072363,49.74891845279371,22.690827519865707,0,length,completed,unknown,116,0.9259831039234996
qwen27-A-i2048-c4-r3-q3,qwen27,qwen27-AB,A,2048,1024,4,3,3,2026-09-29T21:56:46.602375+00:00,2026-09-29T21:57:09.409749+00:00,3.033617343986407,51.78581610707784,22.807371568167582,0,length,completed,unknown,116,0.18559828796423972
qwen27-A-i2048-c4-r3-q4,qwen27,qwen27-AB,A,2048,1024,4,3,4,2026-09-29T21:56:46.602519+00:00,2026-09-29T21:57:09.293211+00:00,3.0335786079522222,52.09310227413617,22.690691647818312,0,length,completed,unknown,115,0.18558977590873837
qwen27-A-i8192-c1-r1-q1,qwen27,qwen27-AB,A,8192,1024,1,1,1,2026-09-29T21:57:09.451773+00:00,2026-09-29T21:57:25.784392+00:00,3.1596462880261242,77.7349337506323,16.33261692803353,0,length,completed,unknown,115,0.12934017600491643
qwen27-A-i8192-c1-r2-q1,qwen27,qwen27-AB,A,8192,1024,1,2,1,2026-09-29T21:57:25.813796+00:00,2026-09-29T21:57:42.140892+00:00,3.171535999979824,77.83782678239076,16.327093424042687,0,length,completed,unknown,115,0.12535460805520415
qwen27-A-i8192-c1-r3-q1,qwen27,qwen27-AB,A,8192,1024,1,3,1,2026-09-29T21:57:42.174874+00:00,2026-09-29T21:57:58.280908+00:00,3.0765393602196127,78.59093584270262,16.10603174404241,0,length,completed,unknown,115,0.11704904004000127
qwen27-A-i8192-c2-r1-q1,qwen27,qwen27-AB,A,8192,1024,2,1,1,2026-09-29T21:57:58.314344+00:00,2026-09-29T21:58:18.516847+00:00,3.671404303982854,61.943865494875396,20.20250051212497,0,length,completed,unknown,115,1.320671183988452
qwen27-A-i8192-c2-r1-q2,qwen27,qwen27-AB,A,8192,1024,2,1,2,2026-09-29T21:57:58.314708+00:00,2026-09-29T21:58:18.745911+00:00,6.254762895870954,72.23254578292263,20.431198031874374,0,length,completed,unknown,115,0.12838059198111296
qwen27-A-i8192-c2-r2-q1,qwen27,qwen27-AB,A,8192,1024,2,2,1,2026-09-29T21:58:18.784918+00:00,2026-09-29T21:58:38.982430+00:00,3.666582352016121,61.94449957334475,20.197509343968704,0,length,completed,unknown,115,1.325006288010627
qwen27-A-i8192-c2-r2-q2,qwen27,qwen27-AB,A,8192,1024,2,2,2,2026-09-29T21:58:18.785250+00:00,2026-09-29T21:58:39.211877+00:00,6.251926992088556,72.24141408190303,20.426621840102598,0,length,completed,unknown,115,0.1276952801272273
qwen27-A-i8192-c2-r3-q1,qwen27,qwen27-AB,A,8192,1024,2,3,1,2026-09-29T21:58:39.262408+00:00,2026-09-29T21:58:59.476175+00:00,3.6680395998992026,61.88910048535906,20.21376399998553,0,length,completed,unknown,115,1.330632688011974
qwen27-A-i8192-c2-r3-q2,qwen27,qwen27-AB,A,8192,1024,2,3,2,2026-09-29T21:58:39.262983+00:00,2026-09-29T21:58:59.705750+00:00,6.2618935839273036,72.20997026462273,20.442760800011456,0,length,completed,unknown,115,0.12830041581764817
qwen27-A-i8192-c4-r1-q1,qwen27,qwen27-AB,A,8192,1024,4,1,1,2026-09-29T21:58:59.746720+00:00,2026-09-29T21:59:31.182636+00:00,3.6651768318843096,36.87334688256512,31.43591332784854,0,length,completed,unknown,115,1.3487734398804605
qwen27-A-i8192-c4-r1-q2,qwen27,qwen27-AB,A,8192,1024,4,1,2,2026-09-29T21:58:59.747078+00:00,2026-09-29T21:59:31.452152+00:00,6.258209120016545,40.24071821591957,31.705071039963514,0,length,completed,unknown,115,1.3485143999569118
qwen27-A-i8192-c4-r1-q3,qwen27,qwen27-AB,A,8192,1024,4,1,3,2026-09-29T21:58:59.747328+00:00,2026-09-29T21:59:31.826464+00:00,10.086823248071596,46.56173411912816,32.07913129613735,0,length,completed,unknown,115,1.3488099039532244
qwen27-A-i8192-c4-r1-q4,qwen27,qwen27-AB,A,8192,1024,4,1,4,2026-09-29T21:58:59.748763+00:00,2026-09-29T21:59:32.055675+00:00,12.722630847943947,52.28684289151563,32.306907567894086,0,length,completed,unknown,115,0.1783310561440885
qwen27-A-i8192-c4-r2-q1,qwen27,qwen27-AB,A,8192,1024,4,2,1,2026-09-29T21:59:32.110780+00:00,2026-09-29T22:00:03.450149+00:00,3.6727415199857205,37.012103816058,31.339366608066484,0,length,completed,unknown,115,1.349378079874441
qwen27-A-i8192-c4-r2-q2,qwen27,qwen27-AB,A,8192,1024,4,2,2,2026-09-29T21:59:32.111363+00:00,2026-09-29T22:00:03.719764+00:00,6.257470976095647,40.39300729913601,31.60839353594929,0,length,completed,unknown,115,1.349124991800636
qwen27-A-i8192-c4-r2-q3,qwen27,qwen27-AB,A,8192,1024,4,2,3,2026-09-29T21:59:32.111819+00:00,2026-09-29T22:00:04.094083+00:00,10.098502527922392,46.79269971813263,31.98225803184323,0,length,completed,unknown,115,1.3491394398733974
qwen27-A-i8192-c4-r2-q4,qwen27,qwen27-AB,A,8192,1024,4,2,4,2026-09-29T21:59:32.112258+00:00,2026-09-29T22:00:04.323946+00:00,12.738935712026432,52.58631203594156,32.21168366400525,0,length,completed,unknown,115,0.17690640012733638
qwen27-A-i8192-c4-r3-q1,qwen27,qwen27-AB,A,8192,1024,4,3,1,2026-09-29T22:00:04.365860+00:00,2026-09-29T22:00:35.980102+00:00,3.6759863200131804,36.65225672506732,31.614238735986874,0,length,completed,unknown,115,1.347418415825814
qwen27-A-i8192-c4-r3-q2,qwen27,qwen27-AB,A,8192,1024,4,3,2,2026-09-29T22:00:04.366442+00:00,2026-09-29T22:00:36.250192+00:00,6.2637060799170285,39.9687119927202,31.883746079867706,0,length,completed,unknown,115,1.3474145759828389
qwen27-A-i8192-c4-r3-q3,qwen27,qwen27-AB,A,8192,1024,4,3,3,2026-09-29T22:00:04.366903+00:00,2026-09-29T22:00:36.624046+00:00,10.10735153593123,46.23069399140155,32.257138000102714,0,length,completed,unknown,115,1.34738539182581
qwen27-A-i8192-c4-r3-q4,qwen27,qwen27-AB,A,8192,1024,4,3,4,2026-09-29T22:00:04.367346+00:00,2026-09-29T22:00:36.854183+00:00,12.741855120053515,51.86128528153881,32.48683433607221,0,length,completed,unknown,115,0.17903160001151264
qwen27-A-i32768-c1-r1-q1,qwen27,qwen27-AB,A,32768,1024,1,1,1,2026-09-29T22:00:36.901723+00:00,2026-09-29T22:01:05.519567+00:00,15.137956144055352,75.96504602748865,28.617840032093227,0,length,completed,unknown,115,0.12117847986519337
qwen27-A-i32768-c1-r2-q1,qwen27,qwen27-AB,A,32768,1024,1,2,1,2026-09-29T22:01:05.553459+00:00,2026-09-29T22:01:34.167902+00:00,15.130474271951243,75.94204859378898,28.61444025603123,0,length,completed,unknown,115,0.1217066717799753
qwen27-A-i32768-c1-r3-q1,qwen27,qwen27-AB,A,32768,1024,1,3,1,2026-09-29T22:01:34.202092+00:00,2026-09-29T22:02:02.798049+00:00,15.122328560100868,76.00032590834658,28.59595499210991,0,length,completed,unknown,115,0.12030043196864426
qwen27-A-i32768-c2-r1-q1,qwen27,qwen27-AB,A,32768,1024,2,1,1,2026-09-29T22:02:02.831544+00:00,2026-09-29T22:02:47.369200+00:00,15.1326634879224,34.82402155457094,44.53765332791954,0,length,completed,unknown,115,1.8450534879229963
qwen27-A-i32768-c2-r1-q2,qwen27,qwen27-AB,A,32768,1024,2,1,2,2026-09-29T22:02:02.832190+00:00,2026-09-29T22:02:48.552079+00:00,30.787130704149604,68.57408586699836,45.71988535998389,0,length,completed,unknown,115,0.13699457608163357
qwen27-A-i32768-c2-r2-q1,qwen27,qwen27-AB,A,32768,1024,2,2,1,2026-09-29T22:02:48.592421+00:00,2026-09-29T22:03:33.111337+00:00,15.140202048001811,34.855172201019805,44.51891216007061,0,length,completed,unknown,115,1.8385672320146114
qwen27-A-i32768-c2-r2-q2,qwen27,qwen27-AB,A,32768,1024,2,2,2,2026-09-29T22:02:48.593018+00:00,2026-09-29T22:03:34.293724+00:00,30.7742512319237,68.60303962671696,45.700703551992774,0,length,completed,unknown,115,0.13608372793532908
qwen27-A-i32768-c2-r3-q1,qwen27,qwen27-AB,A,32768,1024,2,3,1,2026-09-29T22:03:34.334388+00:00,2026-09-29T22:04:18.841471+00:00,15.126070352038369,34.8524439771995,44.5070802080445,0,length,completed,unknown,115,1.8415100800339133
qwen27-A-i32768-c2-r3-q2,qwen27,qwen27-AB,A,32768,1024,2,3,2,2026-09-29T22:03:34.334987+00:00,2026-09-29T22:04:20.024545+00:00,30.763664207886904,68.60563043786846,45.68955284799449,0,length,completed,unknown,115,0.1365272479597479
qwen27-A-i32768-c4-r1-q1,qwen27,qwen27-AB,A,32768,1024,4,1,1,2026-09-29T22:04:20.062152+00:00,2026-09-29T22:05:38.213229+00:00,15.110267088050023,16.243447104099157,78.1510732320603,0,length,completed,unknown,115,1.8610822879709303
qwen27-A-i32768-c4-r1-q2,qwen27,qwen27-AB,A,32768,1024,4,1,2,2026-09-29T22:04:20.062812+00:00,2026-09-29T22:05:39.675208+00:00,30.74709595204331,20.955567890702074,79.61239062412642,0,length,completed,unknown,115,1.8609846560284495
qwen27-A-i32768-c4-r1-q3,qwen27,qwen27-AB,A,32768,1024,4,1,3,2026-09-29T22:04:20.063360+00:00,2026-09-29T22:05:40.998514+00:00,46.49298335984349,29.730996457146546,80.9351522079669,0,length,completed,unknown,115,1.8609961280599236
qwen27-A-i32768-c4-r1-q4,qwen27,qwen27-AB,A,32768,1024,4,1,4,2026-09-29T22:04:20.065110+00:00,2026-09-29T22:05:42.183130+00:00,62.38495416007936,51.89260617257205,82.11801587208174,0,length,completed,unknown,115,0.19220484793186188
qwen27-A-i32768-c4-r2-q1,qwen27,qwen27-AB,A,32768,1024,4,2,1,2026-09-29T22:05:42.233645+00:00,2026-09-29T22:07:00.668839+00:00,15.111988336080685,16.171007854238944,78.43519052793272,0,length,completed,unknown,115,1.862129583954811
qwen27-A-i32768-c4-r2-q2,qwen27,qwen27-AB,A,32768,1024,4,2,2,2026-09-29T22:05:42.234227+00:00,2026-09-29T22:07:02.126916+00:00,30.748207136057317,20.83652236585522,79.89268441591412,0,length,completed,unknown,115,1.8620820799842477
qwen27-A-i32768-c4-r2-q3,qwen27,qwen27-AB,A,32768,1024,4,2,3,2026-09-29T22:05:42.234725+00:00,2026-09-29T22:07:03.448730+00:00,46.49532742402516,29.494212605539047,81.21400303998962,0,length,completed,unknown,115,1.862092831870541
qwen27-A-i32768-c4-r2-q4,qwen27,qwen27-AB,A,32768,1024,4,2,4,2026-09-29T22:05:42.235195+00:00,2026-09-29T22:07:04.631213+00:00,62.40021401597187,51.21075532359325,82.39601360005327,0,length,completed,unknown,115,0.19464971194975078
qwen27-A-i32768-c4-r3-q1,qwen27,qwen27-AB,A,32768,1024,4,3,1,2026-09-29T22:07:04.679692+00:00,2026-09-29T22:08:23.134832+00:00,15.120074528036639,16.167979747785747,78.45513654407114,0,length,completed,unknown,115,1.8639983360189945
qwen27-A-i32768-c4-r3-q2,qwen27,qwen27-AB,A,32768,1024,4,3,2,2026-09-29T22:07:04.680276+00:00,2026-09-29T22:08:24.596937+00:00,30.760989824077114,20.831779568740963,79.91665588808246,0,length,completed,unknown,115,1.8638987359590828
qwen27-A-i32768-c4-r3-q3,qwen27,qwen27-AB,A,32768,1024,4,3,3,2026-09-29T22:07:04.680760+00:00,2026-09-29T22:08:25.916772+00:00,46.514092528028414,29.49146111041728,81.23600732791238,0,length,completed,unknown,115,1.86389951989986
qwen27-A-i32768-c4-r3-q4,qwen27,qwen27-AB,A,32768,1024,4,3,4,2026-09-29T22:07:04.681260+00:00,2026-09-29T22:08:27.101039+00:00,62.41465991991572,51.18690962344024,82.41977465595119,0,length,completed,unknown,115,0.19452028791420162
qwen27-A-i64512-c1-r1-q1,qwen27,qwen27-AB,A,64512,1024,1,1,1,2026-09-29T22:08:27.148183+00:00,2026-09-29T22:09:18.033501+00:00,36.79543956788257,72.67630004701188,50.88531480007805,0,length,completed,unknown,115,0.12659135996364057
qwen27-A-i64512-c1-r2-q1,qwen27,qwen27-AB,A,64512,1024,1,2,1,2026-09-29T22:09:18.068517+00:00,2026-09-29T22:10:08.936909+00:00,36.78813223983161,72.7259524195097,50.86838785605505,0,length,completed,unknown,115,0.1263245278969407
qwen27-A-i64512-c1-r3-q1,qwen27,qwen27-AB,A,64512,1024,1,3,1,2026-09-29T22:10:08.970465+00:00,2026-09-29T22:10:59.828181+00:00,36.78910897602327,72.78617344989202,50.85771502391435,0,length,completed,unknown,115,0.12584926397539675
qwen27-A-i64512-c2-r1-q1,qwen27,qwen27-AB,A,64512,1024,2,1,1,2026-09-29T22:10:59.865145+00:00,2026-09-29T22:12:28.201995+00:00,37.32095748791471,20.072178229340757,88.33684566407464,0,length,completed,unknown,117,2.5562712480314076
qwen27-A-i64512-c2-r1-q2,qwen27,qwen27-AB,A,64512,1024,2,1,2,2026-09-29T22:10:59.866063+00:00,2026-09-29T22:12:30.438965+00:00,74.6977516959887,64.50334319489224,90.57289784005843,0,length,completed,unknown,115,0.14798611216247082
qwen27-A-i64512-c2-r2-q1,qwen27,qwen27-AB,A,64512,1024,2,2,1,2026-09-29T22:12:30.484572+00:00,2026-09-29T22:13:58.884527+00:00,37.376743904082105,20.069298686296474,88.39995184005238,0,length,completed,unknown,117,2.562587103806436
qwen27-A-i64512-c2-r2-q2,qwen27,qwen27-AB,A,64512,1024,2,2,2,2026-09-29T22:12:30.486191+00:00,2026-09-29T22:14:01.106527+00:00,74.75690806400962,64.5510219181006,90.62032849597745,0,length,completed,unknown,115,0.14706524810753763
qwen27-A-i64512-c2-r3-q1,qwen27,qwen27-AB,A,64512,1024,2,3,1,2026-09-29T22:14:01.154330+00:00,2026-09-29T22:15:29.557461+00:00,37.34849355206825,20.05694570528166,88.40312644816004,0,length,completed,unknown,117,2.553131871856749
qwen27-A-i64512-c2-r3-q2,qwen27,qwen27-AB,A,64512,1024,2,3,2,2026-09-29T22:14:01.155959+00:00,2026-09-29T22:15:31.777494+00:00,74.71648956811987,64.38210198117334,90.62153100804426,0,length,completed,unknown,115,0.14734521601349115
qwen27-A-i64512-c4-r1-q1,qwen27,qwen27-AB,A,64512,1024,4,1,1,2026-09-29T22:15:31.825635+00:00,2026-09-29T22:18:15.537466+00:00,37.390907392138615,8.106337389633202,163.71182777592912,0,length,completed,unknown,117,2.6149368318729103
qwen27-A-i64512-c4-r1-q2,qwen27,qwen27-AB,A,64512,1024,4,1,2,2026-09-29T22:15:31.827293+00:00,2026-09-29T22:18:18.433548+00:00,75.93891833606176,11.294035001972635,166.60624846396968,0,length,completed,unknown,115,2.6149103520438075
qwen27-A-i64512-c4-r1-q3,qwen27,qwen27-AB,A,64512,1024,4,1,3,2026-09-29T22:15:31.829022+00:00,2026-09-29T22:18:21.438163+00:00,113.56350695993751,18.2708270957543,169.6091361278668,0,length,completed,unknown,117,2.593793327920139
qwen27-A-i64512-c4-r1-q4,qwen27,qwen27-AB,A,64512,1024,4,1,4,2026-09-29T22:15:31.830759+00:00,2026-09-29T22:18:23.661330+00:00,151.68708228785545,50.83529058540466,171.8305689918343,0,length,completed,unknown,115,0.21957444795407355
qwen27-A-i64512-c4-r2-q1,qwen27,qwen27-AB,A,64512,1024,4,2,1,2026-09-29T22:18:23.717899+00:00,2026-09-29T22:21:07.513507+00:00,37.40432720002718,8.10182497176302,163.79560368019156,0,length,completed,unknown,117,2.6320530399680138
qwen27-A-i64512-c4-r2-q2,qwen27,qwen27-AB,A,64512,1024,4,2,2,2026-09-29T22:18:23.719764+00:00,2026-09-29T22:21:10.415545+00:00,76.0252207359299,11.293633010020978,166.69577812799253,0,length,completed,unknown,115,2.6322311039548367
qwen27-A-i64512-c4-r2-q3,qwen27,qwen27-AB,A,64512,1024,4,2,3,2026-09-29T22:18:23.721488+00:00,2026-09-29T22:21:13.420399+00:00,113.66379038407467,18.274255199929236,169.69890584005043,0,length,completed,unknown,117,2.592804240062833
qwen27-A-i64512-c4-r2-q4,qwen27,qwen27-AB,A,64512,1024,4,2,4,2026-09-29T22:18:23.723221+00:00,2026-09-29T22:21:15.653484+00:00,151.77775792009197,50.812556331096154,171.93025710410438,0,length,completed,unknown,115,0.21628724806942046
qwen27-A-i64512-c4-r3-q1,qwen27,qwen27-AB,A,64512,1024,4,3,1,2026-09-29T22:21:15.713503+00:00,2026-09-29T22:23:59.467040+00:00,37.37227998394519,8.102467552047187,163.75353278405964,0,length,completed,unknown,117,2.6177825280465186
qwen27-A-i64512-c4-r3-q2,qwen27,qwen27-AB,A,64512,1024,4,3,2,2026-09-29T22:21:15.715119+00:00,2026-09-29T22:24:02.368259+00:00,75.95000558416359,11.289577347639703,166.65313542401418,0,length,completed,unknown,115,2.6177022878546268
qwen27-A-i64512-c4-r3-q3,qwen27,qwen27-AB,A,64512,1024,4,3,3,2026-09-29T22:21:15.716630+00:00,2026-09-29T22:24:05.373537+00:00,113.58458284800872,18.26213086215918,169.65690035186708,0,length,completed,unknown,117,2.596766624134034
qwen27-A-i64512-c4-r3-q4,qwen27,qwen27-AB,A,64512,1024,4,3,4,2026-09-29T22:21:15.718117+00:00,2026-09-29T22:24:07.602278+00:00,151.71879572817124,50.7801529456755,171.88415444805287,0,length,completed,unknown,115,0.21808486408554018
qwen27-B-i8192-c1-r1-q1,qwen27,qwen27-AB,B,8192,1024,1,1,1,2026-09-29T22:24:07.661186+00:00,2026-09-29T22:24:23.792896+00:00,3.0857636318542063,78.49182770489926,16.1317077758722,0,length,completed,unknown,115,0.11711625591851771
qwen27-B-i8192-c1-r2-q1,qwen27,qwen27-AB,B,8192,1024,1,2,1,2026-09-29T22:24:23.837153+00:00,2026-09-29T22:24:38.161189+00:00,1.2864797918591648,78.54233882111755,14.324033999815583,4944,length,completed,unknown,115,0.11824814393185079
qwen27-B-i8192-c1-r3-q1,qwen27,qwen27-AB,B,8192,1024,1,3,1,2026-09-29T22:24:38.202621+00:00,2026-09-29T22:24:52.527560+00:00,1.2882984480820596,78.54786451837056,14.324935488170013,4944,length,completed,unknown,115,0.11751300795003772
qwen36-A-i2048-c1-r1-q1,qwen36,qwen36-A,A,2048,1024,1,1,1,2026-09-29T21:02:57.065660+00:00,2026-09-29T21:03:03.674788+00:00,0.5028716160450131,167.69686650969834,6.609127632109448,0,length,completed,unknown,258,0.34771753614768386
qwen36-A-i2048-c1-r2-q1,qwen36,qwen36-A,A,2048,1024,1,2,1,2026-09-29T21:03:03.707651+00:00,2026-09-29T21:03:09.802558+00:00,0.2730218719225377,175.8881884937811,6.094902287935838,0,length,completed,unknown,259,0.032400368014350533
qwen36-A-i2048-c1-r3-q1,qwen36,qwen36-A,A,2048,1024,1,3,1,2026-09-29T21:03:09.835402+00:00,2026-09-29T21:03:16.189642+00:00,0.272986575961113,168.38634421880383,6.354239807929844,0,length,completed,unknown,258,0.03140547196380794
qwen36-A-i2048-c2-r1-q1,qwen36,qwen36-A,A,2048,1024,2,1,1,2026-09-29T21:03:16.220243+00:00,2026-09-29T21:03:23.544667+00:00,0.28226475208066404,145.4100103366314,7.324420911958441,0,length,completed,unknown,259,0.29746260796673596
qwen36-A-i2048-c2-r1-q2,qwen36,qwen36-A,A,2048,1024,2,1,2,2026-09-29T21:03:16.220525+00:00,2026-09-29T21:03:23.565568+00:00,0.5797707680612803,151.36128223602984,7.345041152089834,0,length,completed,unknown,259,0.034594079945236444
qwen36-A-i2048-c2-r2-q1,qwen36,qwen36-A,A,2048,1024,2,2,1,2026-09-29T21:03:23.611404+00:00,2026-09-29T21:03:30.857547+00:00,0.27814513607881963,146.95760479533317,7.246141119860113,0,length,completed,unknown,259,0.2860212638042867
qwen36-A-i2048-c2-r2-q2,qwen36,qwen36-A,A,2048,1024,2,2,2,2026-09-29T21:03:23.611887+00:00,2026-09-29T21:03:30.879638+00:00,0.5634403838776052,152.73758372843926,7.267749663908035,0,length,completed,unknown,259,0.03548969607800245
qwen36-A-i2048-c2-r3-q1,qwen36,qwen36-A,A,2048,1024,2,3,1,2026-09-29T21:03:30.920605+00:00,2026-09-29T21:03:38.211904+00:00,0.27752435207366943,145.99853167118155,7.291293520014733,0,length,completed,unknown,258,0.2877349278423935
qwen36-A-i2048-c2-r3-q2,qwen36,qwen36-A,A,2048,1024,2,3,2,2026-09-29T21:03:30.921072+00:00,2026-09-29T21:03:38.234312+00:00,0.5650860480964184,151.74523235023105,7.31323875207454,0,length,completed,unknown,258,0.037313039880245924
qwen36-A-i2048-c4-r1-q1,qwen36,qwen36-A,A,2048,1024,4,1,1,2026-09-29T21:03:38.276010+00:00,2026-09-29T21:03:47.241751+00:00,0.2820438400376588,117.92220101416547,8.965735216159374,0,length,completed,unknown,259,0.2941486721392721
qwen36-A-i2048-c4-r1-q2,qwen36,qwen36-A,A,2048,1024,4,1,2,2026-09-29T21:03:38.276493+00:00,2026-09-29T21:03:47.267611+00:00,0.570573200006038,121.60740515953121,8.991113040130585,0,length,completed,unknown,259,0.29413233580999076
qwen36-A-i2048-c4-r1-q3,qwen36,qwen36-A,A,2048,1024,4,1,3,2026-09-29T21:03:38.276857+00:00,2026-09-29T21:03:47.294470+00:00,0.861301152035594,125.54699255564394,9.01760963187553,0,length,completed,unknown,259,0.29429580783471465
qwen36-A-i2048-c4-r1-q4,qwen36,qwen36-A,A,2048,1024,4,1,4,2026-09-29T21:03:38.279549+00:00,2026-09-29T21:03:47.315018+00:00,1.1526508799288422,129.9028175082215,9.035466816043481,0,length,completed,unknown,259,0.042966864071786404
qwen36-A-i2048-c4-r2-q1,qwen36,qwen36-A,A,2048,1024,4,2,1,2026-09-29T21:03:47.359772+00:00,2026-09-29T21:03:56.312608+00:00,0.2827233599964529,118.10688888965691,8.95283574401401,0,length,completed,unknown,259,0.2961413760203868
qwen36-A-i2048-c4-r2-q2,qwen36,qwen36-A,A,2048,1024,4,2,2,2026-09-29T21:03:47.360227+00:00,2026-09-29T21:03:56.312935+00:00,0.571383167989552,122.17638024269897,8.952708576107398,0,length,completed,unknown,258,0.29591407999396324
qwen36-A-i2048-c4-r2-q3,qwen36,qwen36-A,A,2048,1024,4,2,3,2026-09-29T21:03:47.360599+00:00,2026-09-29T21:03:56.362088+00:00,0.8604685759637505,125.78277198456183,9.001488080015406,0,length,completed,unknown,259,0.29591300804167986
qwen36-A-i2048-c4-r2-q4,qwen36,qwen36-A,A,2048,1024,4,2,4,2026-09-29T21:03:47.360928+00:00,2026-09-29T21:03:56.385151+00:00,1.1556981119792908,130.1387684527228,9.024221936007962,0,length,completed,unknown,259,0.04021611204370856
qwen36-A-i2048-c4-r3-q1,qwen36,qwen36-A,A,2048,1024,4,3,1,2026-09-29T21:03:56.436002+00:00,2026-09-29T21:04:05.374617+00:00,0.2812895202077925,118.28136897608032,8.938612384023145,0,length,completed,unknown,258,0.2969876960851252
qwen36-A-i2048-c4-r3-q2,qwen36,qwen36-A,A,2048,1024,4,3,2,2026-09-29T21:03:56.436475+00:00,2026-09-29T21:04:05.401268+00:00,0.5704667679965496,121.98719364702384,8.964790544006974,0,length,completed,unknown,258,0.2967220959253609
qwen36-A-i2048-c4-r3-q3,qwen36,qwen36-A,A,2048,1024,4,3,3,2026-09-29T21:03:56.436828+00:00,2026-09-29T21:04:05.453799+00:00,0.8590542080346495,125.52224166078447,9.016970976023003,0,length,completed,unknown,259,0.29693603212945163
qwen36-A-i2048-c4-r3-q4,qwen36,qwen36-A,A,2048,1024,4,3,4,2026-09-29T21:03:56.437156+00:00,2026-09-29T21:04:05.453590+00:00,1.1554243359714746,130.2631943020136,9.016432239906862,0,length,completed,unknown,258,0.04326396808028221
qwen36-A-i8192-c1-r1-q1,qwen36,qwen36-A,A,8192,1024,1,1,1,2026-09-29T21:04:05.508423+00:00,2026-09-29T21:04:12.564662+00:00,1.093621919862926,171.7366869800123,7.05623839981854,0,length,completed,unknown,259,0.04179553594440222
qwen36-A-i8192-c1-r2-q1,qwen36,qwen36-A,A,8192,1024,1,2,1,2026-09-29T21:04:12.605667+00:00,2026-09-29T21:04:19.631020+00:00,1.0909192319959402,172.55225792223993,7.025353312026709,0,length,completed,unknown,258,0.04137550410814583
qwen36-A-i8192-c1-r3-q1,qwen36,qwen36-A,A,8192,1024,1,3,1,2026-09-29T21:04:19.672577+00:00,2026-09-29T21:04:26.702253+00:00,1.0903353600297123,172.4097211317745,7.029675632016733,0,length,completed,unknown,258,0.042702463921159506
qwen36-A-i8192-c2-r1-q1,qwen36,qwen36-A,A,8192,1024,2,1,1,2026-09-29T21:04:26.741523+00:00,2026-09-29T21:04:35.889201+00:00,1.1043248639907688,127.31012780471312,9.147675520041957,0,length,completed,unknown,258,0.5491692638024688
qwen36-A-i8192-c2-r1-q2,qwen36,qwen36-A,A,8192,1024,2,1,2,2026-09-29T21:04:26.742146+00:00,2026-09-29T21:04:35.957497+00:00,2.2499063999857754,147.01147279463314,9.215349168051034,0,length,completed,unknown,258,0.047851999988779426
qwen36-A-i8192-c2-r2-q1,qwen36,qwen36-A,A,8192,1024,2,2,1,2026-09-29T21:04:36.002790+00:00,2026-09-29T21:04:45.163683+00:00,1.0969216800294816,126.98458982377306,9.160892287967727,0,length,completed,unknown,258,0.5499110401142389
qwen36-A-i8192-c2-r2-q2,qwen36,qwen36-A,A,8192,1024,2,2,2,2026-09-29T21:04:36.003371+00:00,2026-09-29T21:04:45.233420+00:00,2.246798064094037,146.6366007604007,9.230047775898129,0,length,completed,unknown,258,0.04719276796095073
qwen36-A-i8192-c2-r3-q1,qwen36,qwen36-A,A,8192,1024,2,3,1,2026-09-29T21:04:45.279110+00:00,2026-09-29T21:04:54.456156+00:00,1.0964343999512494,126.72311658862512,9.17704374389723,0,length,completed,unknown,258,0.5511169279925525
qwen36-A-i8192-c2-r3-q2,qwen36,qwen36-A,A,8192,1024,2,3,2,2026-09-29T21:04:45.279694+00:00,2026-09-29T21:04:54.548774+00:00,2.245579888112843,145.7962693789665,9.269079216057435,0,length,completed,unknown,259,0.048264175886288285
qwen36-A-i8192-c4-r1-q1,qwen36,qwen36-A,A,8192,1024,4,1,1,2026-09-29T21:04:54.594242+00:00,2026-09-29T21:05:07.207471+00:00,1.103418448008597,88.96758009556818,12.61322908801958,0,length,completed,unknown,259,0.5570171361323446
qwen36-A-i8192-c4-r1-q2,qwen36,qwen36-A,A,8192,1024,4,1,2,2026-09-29T21:04:54.594822+00:00,2026-09-29T21:05:07.265753+00:00,2.2516065281815827,98.27896985282216,12.670926160179079,0,length,completed,unknown,258,0.5571133599150926
qwen36-A-i8192-c4-r1-q3,qwen36,qwen36-A,A,8192,1024,4,1,3,2026-09-29T21:04:54.595337+00:00,2026-09-29T21:05:07.347881+00:00,3.410364351933822,109.6104481670751,12.752539455890656,0,length,completed,unknown,258,0.55711924796924
qwen36-A-i8192-c4-r1-q4,qwen36,qwen36-A,A,8192,1024,4,1,4,2026-09-29T21:04:54.597929+00:00,2026-09-29T21:05:07.417986+00:00,4.578104816144332,124.24242791376825,12.820055792108178,0,length,completed,unknown,258,0.05409367987886071
qwen36-A-i8192-c4-r2-q1,qwen36,qwen36-A,A,8192,1024,4,2,1,2026-09-29T21:05:07.472611+00:00,2026-09-29T21:05:20.070264+00:00,1.088100943947211,88.96959258961067,12.597651231801137,0,length,completed,unknown,258,0.5558864958584309
qwen36-A-i8192-c4-r2-q2,qwen36,qwen36-A,A,8192,1024,4,2,2,2026-09-29T21:05:07.473191+00:00,2026-09-29T21:05:20.188899+00:00,2.2383371361065656,97.73448904243973,12.715703007997945,0,length,completed,unknown,259,0.5559497440699488
qwen36-A-i8192-c4-r2-q3,qwen36,qwen36-A,A,8192,1024,4,2,3,2026-09-29T21:05:07.473658+00:00,2026-09-29T21:05:20.269779+00:00,3.397269072011113,108.94949153800982,12.796119727892801,0,length,completed,unknown,259,0.5558830560185015
qwen36-A-i8192-c4-r2-q4,qwen36,qwen36-A,A,8192,1024,4,2,4,2026-09-29T21:05:07.474090+00:00,2026-09-29T21:05:20.315417+00:00,4.568939279997721,123.78532195489699,12.841325568035245,0,length,completed,unknown,258,0.05740574421361089
qwen36-A-i8192-c4-r3-q1,qwen36,qwen36-A,A,8192,1024,4,3,1,2026-09-29T21:05:20.373075+00:00,2026-09-29T21:05:32.983401+00:00,1.1006440159399062,88.96859152530394,12.610323807923123,0,length,completed,unknown,258,0.557936399942264
qwen36-A-i8192-c4-r3-q2,qwen36,qwen36-A,A,8192,1024,4,3,2,2026-09-29T21:05:20.373660+00:00,2026-09-29T21:05:33.103110+00:00,2.247759760124609,97.69418475899832,12.729448128025979,0,length,completed,unknown,259,0.5580855840817094
qwen36-A-i8192-c4-r3-q3,qwen36,qwen36-A,A,8192,1024,4,3,3,2026-09-29T21:05:20.374114+00:00,2026-09-29T21:05:33.182389+00:00,3.4087690240703523,108.94190881097265,12.808273871894926,0,length,completed,unknown,259,0.5580768480431288
qwen36-A-i8192-c4-r3-q4,qwen36,qwen36-A,A,8192,1024,4,3,4,2026-09-29T21:05:20.374552+00:00,2026-09-29T21:05:33.228849+00:00,4.579135040054098,123.74381203360359,12.854296304052696,0,length,completed,unknown,258,0.05480334395542741
qwen36-A-i32768-c1-r1-q1,qwen36,qwen36-A,A,32768,1024,1,1,1,2026-09-29T21:05:33.284408+00:00,2026-09-29T21:05:45.490847+00:00,5.674753952072933,156.77423374883205,12.206439519999549,0,length,completed,unknown,259,0.05485527985729277
qwen36-A-i32768-c1-r2-q1,qwen36,qwen36-A,A,32768,1024,1,2,1,2026-09-29T21:05:45.524813+00:00,2026-09-29T21:05:57.588379+00:00,5.665928767994046,160.05910462337707,12.063565456075594,0,length,completed,unknown,258,0.05938118416815996
qwen36-A-i32768-c1-r3-q1,qwen36,qwen36-A,A,32768,1024,1,3,1,2026-09-29T21:05:57.623729+00:00,2026-09-29T21:06:09.758413+00:00,5.664957296103239,158.27563640299158,12.134683296084404,0,length,completed,unknown,258,0.05763072008267045
qwen36-A-i32768-c2-r1-q1,qwen36,qwen36-A,A,32768,1024,2,1,1,2026-09-29T21:06:09.792714+00:00,2026-09-29T21:06:28.747726+00:00,5.671487007988617,77.08801070579847,18.955005296040326,0,length,completed,unknown,258,0.6323287519626319
qwen36-A-i32768-c2-r1-q2,qwen36,qwen36-A,A,32768,1024,2,1,2,2026-09-29T21:06:09.793360+00:00,2026-09-29T21:06:29.118323+00:00,11.626359872054309,133.01117113191822,19.324961360078305,0,length,completed,unknown,258,0.06434313580393791
qwen36-A-i32768-c2-r2-q1,qwen36,qwen36-A,A,32768,1024,2,2,1,2026-09-29T21:06:29.157598+00:00,2026-09-29T21:06:48.403011+00:00,5.67246825597249,75.44420297161771,19.24541302397847,0,length,completed,unknown,258,0.631357200210914
qwen36-A-i32768-c2-r2-q2,qwen36,qwen36-A,A,32768,1024,2,2,2,2026-09-29T21:06:29.158195+00:00,2026-09-29T21:06:48.779039+00:00,11.62420460791327,128.05385894264984,19.620839839801192,0,length,completed,unknown,258,0.06452873605303466
qwen36-A-i32768-c2-r3-q1,qwen36,qwen36-A,A,32768,1024,2,3,1,2026-09-29T21:06:48.817775+00:00,2026-09-29T21:07:07.878939+00:00,5.6885051359422505,76.57415179808488,19.06116387201473,0,length,completed,unknown,258,0.6331370880361646
qwen36-A-i32768-c2-r3-q2,qwen36,qwen36-A,A,32768,1024,2,3,2,2026-09-29T21:06:48.818379+00:00,2026-09-29T21:07:08.251601+00:00,11.66306265606545,131.78627584774222,19.43321924796328,0,length,completed,unknown,258,0.0649907358456403
qwen36-A-i32768-c4-r1-q1,qwen36,qwen36-A,A,32768,1024,4,1,1,2026-09-29T21:07:08.292178+00:00,2026-09-29T21:07:40.716168+00:00,5.693562495987862,38.30840324433632,32.42399011179805,0,length,completed,unknown,258,0.6429469119757414
qwen36-A-i32768-c4-r1-q2,qwen36,qwen36-A,A,32768,1024,4,1,2,2026-09-29T21:07:08.292837+00:00,2026-09-29T21:07:41.254688+00:00,11.662546080071479,48.07668973622227,32.96184945595451,0,length,completed,unknown,258,0.6429481119848788
qwen36-A-i32768-c4-r1-q3,qwen36,qwen36-A,A,32768,1024,4,1,3,2026-09-29T21:07:08.293375+00:00,2026-09-29T21:07:41.763137+00:00,17.69429073599167,64.9109166382845,33.46975737600587,0,length,completed,unknown,259,0.642899408005178
qwen36-A-i32768-c4-r1-q4,qwen36,qwen36-A,A,32768,1024,4,1,4,2026-09-29T21:07:08.295126+00:00,2026-09-29T21:07:42.117294+00:00,23.82384489593096,102.41721887401896,33.82216364797205,0,length,completed,unknown,258,0.07418993604369462
qwen36-A-i32768-c4-r2-q1,qwen36,qwen36-A,A,32768,1024,4,2,1,2026-09-29T21:07:42.168470+00:00,2026-09-29T21:08:14.748959+00:00,5.682378991972655,38.06959550352653,32.58048459189013,0,length,completed,unknown,258,0.6413046398665756
qwen36-A-i32768-c4-r2-q2,qwen36,qwen36-A,A,32768,1024,4,2,2,2026-09-29T21:07:42.169054+00:00,2026-09-29T21:08:15.290505+00:00,11.651089855935425,47.69366190439848,33.12144795199856,0,length,completed,unknown,258,0.6413061919156462
qwen36-A-i32768-c4-r2-q3,qwen36,qwen36-A,A,32768,1024,4,2,3,2026-09-29T21:07:42.169549+00:00,2026-09-29T21:08:15.743447+00:00,17.692607663804665,64.47840019755088,33.57389499200508,0,length,completed,unknown,258,0.6413045439403504
qwen36-A-i32768-c4-r2-q4,qwen36,qwen36-A,A,32768,1024,4,2,4,2026-09-29T21:07:42.170012+00:00,2026-09-29T21:08:16.113547+00:00,23.81605379213579,101.11103906336321,33.94353353604674,0,length,completed,unknown,258,0.07785452785901725
qwen36-A-i32768-c4-r3-q1,qwen36,qwen36-A,A,32768,1024,4,3,1,2026-09-29T21:08:16.167326+00:00,2026-09-29T21:08:48.740957+00:00,5.69455260806717,38.09655199551996,32.57362555200234,0,length,completed,unknown,258,0.645273600006476
qwen36-A-i32768-c4-r3-q2,qwen36,qwen36-A,A,32768,1024,4,3,2,2026-09-29T21:08:16.168360+00:00,2026-09-29T21:08:49.286811+00:00,11.667547760065645,47.73692753292264,33.11844652798027,0,length,completed,unknown,258,0.6453571680467576
qwen36-A-i32768-c4-r3-q3,qwen36,qwen36-A,A,32768,1024,4,3,3,2026-09-29T21:08:16.169292+00:00,2026-09-29T21:08:49.753588+00:00,17.71614148793742,64.53178696732913,33.5842903200537,0,length,completed,unknown,258,0.6451397920027375
qwen36-A-i32768-c4-r3-q4,qwen36,qwen36-A,A,32768,1024,4,3,4,2026-09-29T21:08:16.170197+00:00,2026-09-29T21:08:50.133476+00:00,23.840184431988746,101.15485606899551,33.963277279865,0,length,completed,unknown,258,0.07089524785988033
qwen36-A-i64512-c1-r1-q1,qwen36,qwen36-A,A,64512,1024,1,1,1,2026-09-29T21:08:50.189863+00:00,2026-09-29T21:09:11.861310+00:00,14.607400399865583,144.95942697628493,21.671445983927697,0,length,completed,unknown,258,0.06285900808870792
qwen36-A-i64512-c1-r2-q1,qwen36,qwen36-A,A,64512,1024,1,2,1,2026-09-29T21:09:11.901663+00:00,2026-09-29T21:09:33.586985+00:00,14.595292752142996,144.4281777715037,21.68532196804881,0,length,completed,unknown,258,0.060753135941922665
qwen36-A-i64512-c1-r3-q1,qwen36,qwen36-A,A,64512,1024,1,3,1,2026-09-29T21:09:33.629040+00:00,2026-09-29T21:09:55.419821+00:00,14.594428544165567,142.29431801233517,21.790780544048175,0,length,completed,unknown,258,0.062377167865633965
qwen36-A-i64512-c2-r1-q1,qwen36,qwen36-A,A,64512,1024,2,1,1,2026-09-29T21:09:55.465516+00:00,2026-09-29T21:10:33.322862+00:00,14.610153184039518,44.04833514129577,37.85734281595796,0,length,completed,unknown,258,0.8158322242088616
qwen36-A-i64512-c2-r1-q2,qwen36,qwen36-A,A,64512,1024,2,1,2,2026-09-29T21:09:55.467153+00:00,2026-09-29T21:10:34.144800+00:00,29.832920448156074,115.77521284511688,38.67764614406042,0,length,completed,unknown,258,0.07289457600563765
qwen36-A-i64512-c2-r2-q1,qwen36,qwen36-A,A,64512,1024,2,2,1,2026-09-29T21:10:34.190833+00:00,2026-09-29T21:11:12.082158+00:00,14.635977488011122,44.03288954385025,37.89132163207978,0,length,completed,unknown,258,0.8203387521207333
qwen36-A-i64512-c2-r2-q2,qwen36,qwen36-A,A,64512,1024,2,2,2,2026-09-29T21:10:34.192456+00:00,2026-09-29T21:11:12.904229+00:00,29.85551879997365,115.62451088137483,38.71177248004824,0,length,completed,unknown,258,0.0715729440562427
qwen36-A-i64512-c2-r3-q1,qwen36,qwen36-A,A,64512,1024,2,3,1,2026-09-29T21:11:12.950915+00:00,2026-09-29T21:11:50.835380+00:00,14.64493327983655,44.06285537404953,37.88446215982549,0,length,completed,unknown,258,0.8174906719941646
qwen36-A-i64512-c2-r3-q2,qwen36,qwen36-A,A,64512,1024,2,3,2,2026-09-29T21:11:12.952540+00:00,2026-09-29T21:11:51.682465+00:00,29.86379697592929,115.49577840555762,38.72992190392688,0,length,completed,unknown,259,0.07361526414752007
qwen36-A-i64512-c4-r1-q1,qwen36,qwen36-A,A,64512,1024,4,1,1,2026-09-29T21:11:51.729409+00:00,2026-09-29T21:13:00.661461+00:00,14.657851824071258,18.867159841038056,68.9320514719002,0,length,completed,unknown,258,0.8324287838768214
qwen36-A-i64512-c4-r1-q2,qwen36,qwen36-A,A,64512,1024,4,1,2,2026-09-29T21:11:51.731027+00:00,2026-09-29T21:13:01.880370+00:00,29.87069481611252,25.422900525966508,70.14934040000662,0,length,completed,unknown,258,0.8324147518724203
qwen36-A-i64512-c4-r1-q3,qwen36,qwen36-A,A,64512,1024,4,1,3,2026-09-29T21:11:51.732534+00:00,2026-09-29T21:13:02.913149+00:00,45.3074322079774,39.57766184786894,71.18061299202964,0,length,completed,unknown,258,0.8324361920822412
qwen36-A-i64512-c4-r1-q4,qwen36,qwen36-A,A,64512,1024,4,1,4,2026-09-29T21:11:51.734088+00:00,2026-09-29T21:13:03.735406+00:00,60.978275248082355,92.8963156999488,72.00131735997275,0,length,completed,unknown,258,0.08660220797173679
qwen36-A-i64512-c4-r2-q1,qwen36,qwen36-A,A,64512,1024,4,2,1,2026-09-29T21:13:03.788960+00:00,2026-09-29T21:14:12.709369+00:00,14.670471583958715,18.875599256815978,68.92040484794416,0,length,completed,unknown,258,0.8330549281090498
qwen36-A-i64512-c4-r2-q2,qwen36,qwen36-A,A,64512,1024,4,2,2,2026-09-29T21:13:03.790593+00:00,2026-09-29T21:14:13.925833+00:00,29.902059520129114,25.451630190114553,70.13523878413253,0,length,completed,unknown,258,0.8330634080339223
qwen36-A-i64512-c4-r2-q3,qwen36,qwen36-A,A,64512,1024,4,2,3,2026-09-29T21:13:03.792116+00:00,2026-09-29T21:14:14.965980+00:00,45.34674156806432,39.64824628504861,71.17386119998991,0,length,completed,unknown,258,0.8330470561049879
qwen36-A-i64512-c4-r2-q4,qwen36,qwen36-A,A,64512,1024,4,2,4,2026-09-29T21:13:03.793765+00:00,2026-09-29T21:14:15.785299+00:00,60.976418944075704,92.96318119565528,71.99153252807446,0,length,completed,unknown,258,0.08942555193789303
qwen36-A-i64512-c4-r3-q1,qwen36,qwen36-A,A,64512,1024,4,3,1,2026-09-29T21:14:15.836365+00:00,2026-09-29T21:15:24.807126+00:00,14.660241696052253,18.85454394983368,68.97075712005608,0,length,completed,unknown,258,0.8306903198827058
qwen36-A-i64512-c4-r3-q2,qwen36,qwen36-A,A,64512,1024,4,3,2,2026-09-29T21:14:15.837994+00:00,2026-09-29T21:15:26.026674+00:00,29.90249286405742,25.418147228122265,70.18867071997374,0,length,completed,unknown,258,0.8282938720658422
qwen36-A-i64512-c4-r3-q3,qwen36,qwen36-A,A,64512,1024,4,3,3,2026-09-29T21:14:15.839527+00:00,2026-09-29T21:15:27.062970+00:00,45.33637999999337,39.55644280308072,71.22343979193829,0,length,completed,unknown,258,0.8282490880228579
qwen36-A-i64512-c4-r3-q4,qwen36,qwen36-A,A,64512,1024,4,3,4,2026-09-29T21:14:15.841038+00:00,2026-09-29T21:15:27.880840+00:00,60.97787656006403,92.5697880418929,72.03980099200271,0,length,completed,unknown,258,0.0904836799018085
qwen36-A-i131072-c1-r1-q1,qwen36,qwen36-A,A,131072,1024,1,1,1,2026-09-29T21:15:27.937972+00:00,2026-09-29T21:16:20.190754+00:00,44.247211711946875,127.91094533180477,52.25278150383383,0,length,completed,unknown,258,0.09187499200925231
qwen36-A-i131072-c1-r2-q1,qwen36,qwen36-A,A,131072,1024,1,2,1,2026-09-29T21:16:20.233087+00:00,2026-09-29T21:17:12.476816+00:00,44.23525294405408,127.86452114583032,52.243729344103485,0,length,completed,unknown,259,0.09211809583939612
qwen36-A-i131072-c1-r3-q1,qwen36,qwen36-A,A,131072,1024,1,3,1,2026-09-29T21:17:12.525220+00:00,2026-09-29T21:18:04.725876+00:00,44.204361520009115,128.05933091374,52.20065505593084,0,length,completed,unknown,258,0.08977852808311582
qwen36-A-i131072-c2-r1-q1,qwen36,qwen36-A,A,131072,1024,2,1,1,2026-09-29T21:18:04.768670+00:00,2026-09-29T21:19:44.924140+00:00,89.89451246405952,99.79575364471168,100.15547009604052,0,length,completed,unknown,259,0.10229665599763393
qwen36-A-i131072-c2-r1-q2,qwen36,qwen36-A,A,131072,1024,2,1,2,2026-09-29T21:18:04.772075+00:00,2026-09-29T21:19:43.024647+00:00,44.23822111985646,18.95792472168362,98.25257211201824,0,length,completed,unknown,259,1.3719944639597088
qwen36-A-i131072-c2-r2-q1,qwen36,qwen36-A,A,131072,1024,2,2,1,2026-09-29T21:19:44.973178+00:00,2026-09-29T21:21:25.527776+00:00,89.86356070404872,95.78116575233128,100.55459784017876,0,length,completed,unknown,259,0.10655732802115381
qwen36-A-i131072-c2-r2-q2,qwen36,qwen36-A,A,131072,1024,2,2,2,2026-09-29T21:19:44.976257+00:00,2026-09-29T21:21:23.589479+00:00,44.23184958402999,18.82997846338141,98.61321820807643,0,length,completed,unknown,258,1.372348512057215
qwen36-A-i131072-c2-r3-q1,qwen36,qwen36-A,A,131072,1024,2,3,1,2026-09-29T21:21:25.574230+00:00,2026-09-29T21:23:06.101679+00:00,89.85921271983534,95.985882108218,100.52744827186689,0,length,completed,unknown,259,0.1028869601432234
qwen36-A-i131072-c2-r3-q2,qwen36,qwen36-A,A,131072,1024,2,3,2,2026-09-29T21:21:25.577360+00:00,2026-09-29T21:23:04.172311+00:00,44.2281128000468,18.835011772321025,98.59494900796562,0,length,completed,unknown,258,1.3692653758917004
qwen36-A-i131072-c4-r1-q1,qwen36,qwen36-A,A,131072,1024,4,1,1,2026-09-29T21:23:06.148658+00:00,2026-09-29T21:26:14.175004+00:00,44.20954880001955,7.120170037780122,188.0263389281463,0,length,completed,unknown,261,1.3929986557923257
qwen36-A-i131072-c4-r1-q2,qwen36,qwen36-A,A,131072,1024,4,1,2,2026-09-29T21:23:06.151687+00:00,2026-09-29T21:26:17.259196+00:00,89.84670844813809,10.112502016301498,191.1075040800497,0,length,completed,unknown,260,1.3930747041013092
qwen36-A-i131072-c4-r1-q3,qwen36,qwen36-A,A,131072,1024,4,1,3,2026-09-29T21:23:06.154820+00:00,2026-09-29T21:26:19.765377+00:00,136.23650675197132,17.84779087369425,193.61055417591706,0,length,completed,unknown,259,1.3930082239676267
qwen36-A-i131072-c4-r1-q4,qwen36,qwen36-A,A,131072,1024,4,1,4,2026-09-29T21:23:06.157720+00:00,2026-09-29T21:26:21.656223+00:00,183.19947382388636,83.25861468855248,195.49850142397918,0,length,completed,unknown,259,0.12353036808781326
qwen36-A-i131072-c4-r2-q1,qwen36,qwen36-A,A,131072,1024,4,2,1,2026-09-29T21:26:21.709795+00:00,2026-09-29T21:29:29.850122+00:00,44.26124430401251,7.117087321434615,188.14032766385935,0,length,completed,unknown,259,1.392079375917092
qwen36-A-i131072-c4-r2-q2,qwen36,qwen36-A,A,131072,1024,4,2,2,2026-09-29T21:26:21.712960+00:00,2026-09-29T21:29:33.078870+00:00,89.89515195204876,10.091577725016275,191.36590587208048,0,length,completed,unknown,258,1.3920640319120139
qwen36-A-i131072-c4-r2-q3,qwen36,qwen36-A,A,131072,1024,4,2,3,2026-09-29T21:26:21.716017+00:00,2026-09-29T21:29:35.737197+00:00,136.2738360480871,17.732418802184643,194.02117505599745,0,length,completed,unknown,259,1.3922502400819212
qwen36-A-i131072-c4-r2-q4,qwen36,qwen36-A,A,131072,1024,4,2,4,2026-09-29T21:26:21.719040+00:00,2026-09-29T21:29:37.625052+00:00,183.2571558880154,80.9559487919079,195.9060101758223,0,length,completed,unknown,258,0.12837756797671318
qwen36-A-i131072-c4-r3-q1,qwen36,qwen36-A,A,131072,1024,4,3,1,2026-09-29T21:29:37.679208+00:00,2026-09-29T21:32:45.859543+00:00,44.23360598413274,7.113742759618247,188.18033481622115,0,length,completed,unknown,259,1.3924699360504746
qwen36-A-i131072-c4-r3-q2,qwen36,qwen36-A,A,131072,1024,4,3,2,2026-09-29T21:29:37.682369+00:00,2026-09-29T21:32:49.081146+00:00,89.87591275200248,10.086398105122415,191.39877446414903,0,length,completed,unknown,258,1.3924123998731375
qwen36-A-i131072-c4-r3-q3,qwen36,qwen36-A,A,131072,1024,4,3,3,2026-09-29T21:29:37.685389+00:00,2026-09-29T21:32:51.700193+00:00,136.28196249599569,17.73687369923996,194.01479734410532,0,length,completed,unknown,260,1.3924061439465731
qwen36-A-i131072-c4-r3-q4,qwen36,qwen36-A,A,131072,1024,4,3,4,2026-09-29T21:29:37.688395+00:00,2026-09-29T21:32:53.540061+00:00,183.3197772798594,81.71155411258522,195.85166473593563,0,length,completed,unknown,258,0.12811857601627707
qwen36-A-i261120-c1-r1-q1,qwen36,qwen36-A,A,261120,1024,1,1,1,2026-09-29T21:32:53.598680+00:00,2026-09-29T21:35:28.559125+00:00,144.70977423992008,99.89590518849292,154.96044465596788,0,length,completed,unknown,258,0.2771994399372488
qwen36-A-i261120-c1-r2-q1,qwen36,qwen36-A,A,261120,1024,1,2,1,2026-09-29T21:35:28.601294+00:00,2026-09-29T21:38:03.607561+00:00,144.71809948794544,99.53181973878877,155.00626665586606,0,length,completed,unknown,259,0.25675004813820124
qwen36-A-i261120-c1-r3-q1,qwen36,qwen36-A,A,261120,1024,1,3,1,2026-09-29T21:38:03.653134+00:00,2026-09-29T21:40:38.600423+00:00,144.66062988806516,99.54640715208586,154.9472894400824,0,length,completed,unknown,259,0.25682956795208156
qwen36-B-i8192-c1-r1-q1,qwen36,qwen36-B,B,8192,1024,1,1,1,2026-09-29T21:46:05.008114+00:00,2026-09-29T21:46:12.067922+00:00,1.0940253918524832,171.64555899878366,7.059807471930981,0,length,completed,unknown,259,0.04242516797967255
qwen36-B-i8192-c1-r2-q1,qwen36,qwen36-B,B,8192,1024,1,2,1,2026-09-29T21:46:12.107538+00:00,2026-09-29T21:46:18.580129+00:00,0.5337902561295778,172.4253890850796,6.472590832039714,4288,length,completed,unknown,258,0.04331820807419717
qwen36-B-i8192-c1-r3-q1,qwen36,qwen36-B,B,8192,1024,1,3,1,2026-09-29T21:46:18.618223+00:00,2026-09-29T21:46:25.090306+00:00,0.529462720034644,172.31459894239023,6.472081664018333,4288,length,completed,unknown,258,0.04292201600037515
